"model","accuracy","f_meas","precision","roc_auc","sensitivity","specificity"
"Gradient_Boosting",0.878069303023127,0.547752898920444,0.678757552444518,0.837442919584337,0.464646464646465,0.95711789218981
"Random_Forest",0.871909385113269,0.441812035204736,0.726708511073836,0.833355126748056,0.321212121212121,0.977207958058879
"Logistic",0.79991790985871,0.515879943878548,0.42346828596011,0.828923052272965,0.664646464646465,0.825769592687189
"MLP_Neural_Net",0.84368458441866,0.537748723230052,0.515635506376246,0.80801956926436,0.567676767676768,0.896446655016355
"Decision_Tree",0.810613308074828,0.441623244154732,0.430366973997185,0.729254943574745,0.472727272727273,0.875207241116638
