"Variable","cor_with_MonthlyIncome","cor_with_Attrition"
"DailyRate",0.00770705887200604,-0.0566519918676292
"HourlyRate",-0.0157943043808929,-0.0068455495721398
"MonthlyRate",0.0348136261341218,0.0151702125304714
